asymptomatic,bacteremia,UTI,sepsis
573.31029,573.14940,1263871.10,573.12478
573.31030,573.14941,573.12456,573.12681
573.31031,573.14942,573.12482,573.12682
573.32133,573.14949,573.12763,573.12688
573.32134,573.14950,333333333,573.12689
         ,222222222,573.12764,
111111111,444444444,555555555,
573.56218,573.57234,72407.2108,573.56350
72407.2099,573.57332,573.56491,573.57262
